Department;Employee_EmpID;Employee_FirstName;Employee_LastName
Information Technology & Cyber Security;10089;Janet;Janet King
Human Resource;10196;Sarah;Sarah Akinkuolie
Marketing & Sales;10088;Trina;Trina Alagbe
Human Resource;10069;Carol;Carol Anderson
Management Board;10002;Linda;Linda Anderson
Management Board;10062;Sam;Sam Athwal
Management Board;10114;Linda;Linda Bachiochi
Logistics & Distribution;10250;Alejandro;Alejandro Bacong
Logistics & Distribution;10252;Rachael;Rachael Baczenski
Information Technology & Cyber Security;10242;Thomas;Thomas Barbara
Human Resource;10012;Hector;Hector Barbossa
Information Technology & Cyber Security;10265;Francesco;Francesco A 
Human Resource;10066;Nader;Nader Barton
Marketing & Sales;10061;Norman;Norman Bates
Logistics & Distribution;10023;Kimberly;Kimberly Beak
Management Board;10055;Courtney;Courtney Beatrice
Management Board;10245;Renee;Renee Becker
Logistics & Distribution;10277;Scott;Scott Becker
Management Board;10046;Sean;Sean Bernstein
Management Board;10226;Lowan;Lowan M 
Marketing & Sales;10003;Helen;Helen Billis
Human Resource;10294;Dianna;Dianna Blount
Logistics & Distribution;10267;Betsy;Betsy Bondwell
Human Resource;10199;Frank;Frank Booth
Information Technology & Cyber Security;10175;Charles;Charles Bozzi
Human Resource;10177;Donna;Donna Brill
Information Technology & Cyber Security;10238;Mia;Mia Brown
Logistics & Distribution;10184;Joseph;Joseph Buccheri
Marketing & Sales;10203;Josephine;Josephine Bugali
Logistics & Distribution;10107;Joelle;Joelle Burke
Marketing & Sales;10181;Benjamin;Benjamin Burkett
Logistics & Distribution;10150;Max;Max Cady
Logistics & Distribution;10001;Calvin;Calvin Candie
Logistics & Distribution;10085;Judith;Judith Carabbio
Human Resource;10115;Michael;Michael Carey
Marketing & Sales;10082;Claudia;Claudia N 
Marketing & Sales;10040;Michelle;Michelle Carter
Information Technology & Cyber Security;10067;Beatrice;Beatrice Chace
Human Resource;10108;Brian;Brian Champaigne
Logistics & Distribution;10210;Lin;Lin Chan
Marketing & Sales;10154;Donovan;Donovan E 
Marketing & Sales;10200;Anton;Anton Chigurh
Information Technology & Cyber Security;10240;Enola;Enola Chivukula
Management Board;10168;Caroline;Caroline Cierpiszewski
Information Technology & Cyber Security;10220;Rick;Rick Clayton
Logistics & Distribution;10275;Jennifer;Jennifer Cloninger
Management Board;10269;Phil;Phil Close
Management Board;10029;Elijian;Elijian Clukey
Management Board;10261;James;James Cockel
Information Technology & Cyber Security;10292;Spencer;Spencer Cole
Marketing & Sales;10282;Michael;Michael Corleone
Logistics & Distribution;10019;Vito;Vito Corleone
Information Technology & Cyber Security;10094;Lisa;Lisa Cornett
Management Board;10193;Frank;Frank Costello
Marketing & Sales;10132;Jean;Jean Crimmings
Information Technology & Cyber Security;10083;Noah;Noah Cross
Logistics & Distribution;10099;Lynn;Lynn Daneault
Logistics & Distribution;10212;Ann;Ann Daniele
Human Resource;10056;Jene'ya;Jene'ya Darson
Marketing & Sales;10143;Daniel;Daniel Davis
Human Resource;10311;Randy;Randy Dee
Logistics & Distribution;10070;James;James DeGweck
Logistics & Distribution;10155;Keyla;Keyla Del 
Management Board;10306;Alex;Alex Delarge
Marketing & Sales;10100;Carla;Carla Demita
Human Resource;10310;Carl;Carl Desimone
Logistics & Distribution;10197;Tommy;Tommy DeVito
Information Technology & Cyber Security;10276;Geoff;Geoff Dickinson
Logistics & Distribution;10304;Jenna;Jenna Dietrich
Logistics & Distribution;10284;Lily;Lily DiNocco
Marketing & Sales;10207;Denisa;Denisa S 
Marketing & Sales;10133;Linda;Linda Dolan
Management Board;10028;Eric;Eric Dougall
Human Resource;10006;Elle;Elle Driver
Human Resource;10105;Amy;Amy Dunn
Marketing & Sales;10211;Amy;Amy Dunne
Marketing & Sales;10064;Marianne;Marianne Eaton
Information Technology & Cyber Security;10247;Jean;Jean Engdahl
Human Resource;10235;Rex;Rex England
Logistics & Distribution;10299;Angela;Angela Erilus
Information Technology & Cyber Security;10280;Miguel;Miguel Estremera
Human Resource;10296;April;April Evensen
Information Technology & Cyber Security;10290;Susan;Susan Exantus
Human Resource;10263;Megan;Megan Faller
Human Resource;10136;Nicole;Nicole Fancett
Human Resource;10189;Susan;Susan Ferguson
Logistics & Distribution;10308;Nilson;Nilson Fernandes
Information Technology & Cyber Security;10309;Boba;Boba Fett
Logistics & Distribution;10049;Libby;Libby Fidelia
Marketing & Sales;10093;Michael;Michael J 
Marketing & Sales;10163;Tanya;Tanya Foreman
Information Technology & Cyber Security;10305;Alex;Alex Forrest
Management Board;10015;Jason;Jason Foss
Logistics & Distribution;10080;Amy;Amy Foster-Baker
Human Resource;10258;Maruk;Maruk Fraval
Logistics & Distribution;10273;Lisa;Lisa Galia
Human Resource;10111;Raul;Raul Garcia
Management Board;10257;Barbara;Barbara Gaul
Information Technology & Cyber Security;10159;Mildred;Mildred Gentry
Human Resource;10122;Melisa;Melisa Gerke
Marketing & Sales;10142;Whitney;Whitney Gill
Logistics & Distribution;10283;Alex;Alex Gilles
Management Board;10018;Evelyn;Evelyn Girifalco
Logistics & Distribution;10255;Myriam;Myriam Givens
Human Resource;10246;Taisha;Taisha Goble
Human Resource;10228;Amon;Amon Goeth
Marketing & Sales;10243;Shenice;Shenice Gold
Management Board;10031;Cayo;Cayo Gonzalez
Marketing & Sales;10300;Juan;Juan Gonzalez
Human Resource;10101;Maria;Maria Gonzalez
Management Board;10237;Susan;Susan Good
Marketing & Sales;10051;David;David Gordon
Management Board;10218;Phylicia;Phylicia Gosciminski
Human Resource;10256;Roxana;Roxana Goyal
Information Technology & Cyber Security;10098;Elijiah;Elijiah Gray
Logistics & Distribution;10059;Paula;Paula Gross
Information Technology & Cyber Security;10234;Hans;Hans Gruber
Logistics & Distribution;10109;Mike;Mike Guilianno
Information Technology & Cyber Security;10125;Joanne;Joanne Handschiegl
Information Technology & Cyber Security;10074;Earnest;Earnest Hankard
Logistics & Distribution;10097;Christie;Christie Harrington
Management Board;10007;Kara;Kara Harrison
Management Board;10129;Anthony;Anthony Heitzman
Management Board;10075;Trina;Trina Hendrickson
Marketing & Sales;10167;Alfred;Alfred Hitchcock
Marketing & Sales;10195;Adrienne;Adrienne J 
Management Board;10112;Jayne;Jayne Horton
Information Technology & Cyber Security;10272;Debra;Debra Houlihan
Management Board;10182;Estelle;Estelle Howard
Human Resource;10248;Jane;Jane Hudson
Logistics & Distribution;10201;Julissa;Julissa Hunts
Marketing & Sales;10214;Rosalie;Rosalie Hutter
Logistics & Distribution;10160;Ming;Ming Huynh
Information Technology & Cyber Security;10289;Walter;Walter Immediato
Marketing & Sales;10139;Rose;Rose Ivey
Management Board;10227;Maryellen;Maryellen Jackson
Information Technology & Cyber Security;10236;Hannah;Hannah Jacobi
Management Board;10009;Tayana;Tayana Jeannite
Information Technology & Cyber Security;10060;Sneha;Sneha Jhaveri
Management Board;10034;George;George Johnson
Logistics & Distribution;10156;Noelle;Noelle Johnson
Marketing & Sales;10036;Yen;Yen Johnston
Management Board;10138;Judy;Judy Jung
Logistics & Distribution;10244;Donysha;Donysha Kampew
Information Technology & Cyber Security;10192;Kramer;Kramer Keatts
Logistics & Distribution;10231;Bartholemew;Bartholemew Khemmich
Information Technology & Cyber Security;10166;Kathleen;Kathleen Kinsella
Human Resource;10170;Alexandra;Alexandra Kirill
Human Resource;10208;Bradley;Bradley J 
Management Board;10176;John;John Kretschmer
Marketing & Sales;10165;Freddy;Freddy Kreuger
Human Resource;10113;Jyoti;Jyoti Lajiri
Human Resource;10092;Hans;Hans Landa
Logistics & Distribution;10106;Lindsey;Lindsey Langford
Marketing & Sales;10052;Enrico;Enrico Langton
Human Resource;10038;William;William LaRotonda
Management Board;10249;Mohammed;Mohammed Latif
Management Board;10232;Binh;Binh Le
Management Board;10087;Dallas;Dallas Leach
Information Technology & Cyber Security;10134;Brandon;Brandon R 
Information Technology & Cyber Security;10251;Hannibal;Hannibal Lecter
Information Technology & Cyber Security;10103;Giovanni;Giovanni Leruth
Marketing & Sales;10017;Ketsia;Ketsia Liebig
Logistics & Distribution;10186;Marilyn;Marilyn Linares
Logistics & Distribution;10137;Mathew;Mathew Linden
Marketing & Sales;10008;Leonara;Leonara Lindsay
Management Board;10096;Susan;Susan Lundy
Human Resource;10035;Lisa;Lisa Lunquist
Marketing & Sales;10057;Allison;Allison Lydon
Information Technology & Cyber Security;10004;Lindsay;Lindsay Lynch
Logistics & Distribution;10191;Samuel;Samuel MacLennan
Information Technology & Cyber Security;10219;Lauren;Lauren Mahoney
Management Board;10077;Robyn;Robyn Manchester
Management Board;10073;Karen;Karen Mancuso
Human Resource;10279;Debbie;Debbie Mangal
Human Resource;10110;Sandra;Sandra Martin
Management Board;10053;Shana;Shana Maurice
Human Resource;10076;B'rigit;B'rigit Carthy
Information Technology & Cyber Security;10145;Sandy;Sandy Mckenna
Human Resource;10202;Jac;Jac McKinzie
Human Resource;10128;Elizabeth;Elizabeth Meads
Management Board;10068;Jennifer;Jennifer Medeiros
Human Resource;10116;Brannon;Brannon Miller
Information Technology & Cyber Security;10298;Ned;Ned Miller
Human Resource;10213;Erasumus;Erasumus Monkfish
Marketing & Sales;10288;Peter;Peter Monroe
Information Technology & Cyber Security;10025;Luisa;Luisa Monterro
Information Technology & Cyber Security;10223;Patrick;Patrick Moran
Management Board;10151;Tanya;Tanya Morway
Logistics & Distribution;10254;Dawn;Dawn Motlagh
Logistics & Distribution;10120;Maliki;Maliki Moumanil
Logistics & Distribution;10216;Michael;Michael Myers
Marketing & Sales;10079;Kurt;Kurt Navathe
Management Board;10215;Colombui;Colombui Ndzi
Human Resource;10185;Horia;Horia Ndzi
Information Technology & Cyber Security;10063;Richard;Richard Newman
Management Board;10037;Shari;Shari Ngodup
Logistics & Distribution;10042;Dheepa;Dheepa Nguyen
Human Resource;10206;Lei-Ming;Lei-Ming Nguyen
Human Resource;10104;Kristie;Kristie Nowlan
Human Resource;10303;Lynn;Lynn O'hare
Management Board;10078;Brooke;Brooke Oliver
Logistics & Distribution;10121;Jasmine;Jasmine Onque
Human Resource;10021;Adeel;Adeel Osturnka
Information Technology & Cyber Security;10281;Clinton;Clinton Owad
Management Board;10041;Travis;Travis Ozark
Logistics & Distribution;10148;Nina;Nina Panjwani
Human Resource;10005;Lucas;Lucas Patronick
Marketing & Sales;10259;Randall;Randall Pearson
Logistics & Distribution;10286;Martin;Martin Smith
Information Technology & Cyber Security;10297;Ermine;Ermine Pelletier
Human Resource;10171;Shakira;Shakira Perry
Information Technology & Cyber Security;10032;Lauren;Lauren Peters
Logistics & Distribution;10130;Ebonee;Ebonee Peterson
Human Resource;10217;Shana;Shana Petingill
Logistics & Distribution;10016;Thelma;Thelma Petrowsky
Human Resource;10050;Hong;Hong Pham
Information Technology & Cyber Security;10164;Brad;Brad Pitt
Information Technology & Cyber Security;10124;Xana;Xana Potts
Logistics & Distribution;10187;Morissa;Morissa Power
Marketing & Sales;10225;Louis;Louis Punjabhi
Logistics & Distribution;10262;Janine;Janine Purinton
Marketing & Sales;10131;Sean;Sean Quinn
Logistics & Distribution;10239;Maggie;Maggie Rachael
Information Technology & Cyber Security;10152;Quinn;Quinn Rarrick
Logistics & Distribution;10140;Kylo;Kylo Ren
Human Resource;10058;Thomas;Thomas Rhoads
Logistics & Distribution;10011;Haley;Haley Rivera
Marketing & Sales;10230;May;May Roberson
Information Technology & Cyber Security;10224;Peter;Peter Robertson
Marketing & Sales;10047;Alain;Alain Robinson
Marketing & Sales;10285;Cherly;Cherly Robinson
Management Board;10020;Elias;Elias Robinson
Logistics & Distribution;10162;Lori;Lori Roby
Management Board;10149;Bianca;Bianca Roehrich
Marketing & Sales;10086;Katie;Katie Roper
Human Resource;10054;Ashley;Ashley Rose
Human Resource;10065;Bruno;Bruno Rossetti
Human Resource;10198;Simon;Simon Roup
Information Technology & Cyber Security;10222;Ricardo;Ricardo Ruiz
Logistics & Distribution;10126;Adell;Adell Saada
Information Technology & Cyber Security;10295;Melinda;Melinda Saar-Beckles
Human Resource;10260;Nore;Nore Sadki
Information Technology & Cyber Security;10233;Adil;Adil Sahoo
Management Board;10229;Jason;Jason Salter
Management Board;10169;Kamrin;Kamrin Sander
Marketing & Sales;10071;Nori;Nori Sewkumar
Management Board;10179;Anita;Anita Shepard
Logistics & Distribution;10091;Seffi;Seffi Shields
Human Resource;10178;Kramer;Kramer Simard
Human Resource;10039;Nan;Nan Singh
Information Technology & Cyber Security;10095;Constance;Constance Sloan
Marketing & Sales;10027;Joe;Joe Smith
Logistics & Distribution;10291;John;John Smith
Management Board;10153;Leigh;Leigh Ann 
Human Resource;10157;Sade;Sade Smith
Logistics & Distribution;10119;Julia;Julia Soto
Management Board;10180;Keyser;Keyser Soze
Management Board;10302;Taylor;Taylor Sparks
Human Resource;10090;Kelley;Kelley Spirea
Logistics & Distribution;10030;Kristen;Kristen Squatrito
Marketing & Sales;10278;Barbara;Barbara M 
Management Board;10307;Norman;Norman Stansfield
Logistics & Distribution;10147;Tyrone;Tyrone Steans
Information Technology & Cyber Security;10266;Rick;Rick Stoica
Management Board;10241;Caitrin;Caitrin Strong
Management Board;10158;Kissy;Kissy Sullivan
Information Technology & Cyber Security;10117;Timothy;Timothy Sullivan
Marketing & Sales;10209;Barbara;Barbara Sutwell
Management Board;10024;Andrew;Andrew Szabo
Human Resource;10173;Biff;Biff Tannen
Information Technology & Cyber Security;10221;Desiree;Desiree Tavares
Logistics & Distribution;10146;Lenora;Lenora Tejeda
Management Board;10161;Sharlene;Sharlene Terry
Logistics & Distribution;10141;Sophia;Sophia Theamstern
Information Technology & Cyber Security;10268;Kenneth;Kenneth Thibaud
Logistics & Distribution;10123;Jeanette;Jeanette Tippett
Marketing & Sales;10013;Jack;Jack Torrence
Marketing & Sales;10287;Mei;Mei Trang
Marketing & Sales;10044;Neville;Neville Tredinnick
Information Technology & Cyber Security;10102;Edward;Edward Thomas
Management Board;10270;Cybil;Cybil Trzeciak
Management Board;10045;Jumil;Jumil Turpin
Management Board;10205;Jackie;Jackie Valentin
Human Resource;10014;Abdellah;Abdellah Veera
Information Technology & Cyber Security;10144;Vincent;Vincent Vega
Marketing & Sales;10253;Noah;Noah Villanueva
Marketing & Sales;10118;Lord;Lord Voldemort
Marketing & Sales;10022;Colleen;Colleen Volk
Information Technology & Cyber Security;10183;Anna;Anna Von 
Logistics & Distribution;10190;Roger;Roger Walker
Logistics & Distribution;10274;Courtney;Courtney E 
Human Resource;10293;Theresa;Theresa Wallace
Marketing & Sales;10172;Charlie;Charlie Wang
Management Board;10127;Sarah;Sarah Warfield
Information Technology & Cyber Security;10072;Scott;Scott Whittier
Logistics & Distribution;10048;Barry;Barry Wilber
Marketing & Sales;10204;Annie;Annie Wilkes
Marketing & Sales;10264;Jacquelyn;Jacquelyn Williams
Information Technology & Cyber Security;10033;Jordan;Jordan Winthrop
Human Resource;10174;Hang;Hang T 
Information Technology & Cyber Security;10135;Jason;Jason Woodson
Management Board;10301;Catherine;Catherine Ybarra
Management Board;10010;Jennifer;Jennifer Zamora
Information Technology & Cyber Security;10043;Julia;Julia Zhou
Management Board;10271;Colleen;Colleen Zima