Employee ID;Name;Department Name
10003;Helen Billis;Consultant
10005;Lucas Patronick;Consultant
10006;Elle Driver;Consultant
10017;Ketsia Liebig;Consultant
10036;Yen Johnston;Consultant
10037;Shari Ngodup;Consultant
10042;Dheepa Nguyen;Consultant
10046;Sean Bernstein;Consultant
10052;Enrico Langton;Consultant
10054;Ashley Rose;Consultant
10059;Paula Gross;Consultant
10061;Norman Bates;Consultant
10076;B'rigit Carthy;Consultant
10080;Amy Foster-Baker;Consultant
10083;Noah Cross;Consultant
10094;Lisa Cornett;Consultant
10096;Susan Lundy;Consultant
10098;Elijiah Gray;Consultant
10100;Carla Demita;Consultant
10101;Maria Gonzalez;Consultant
10107;Joelle Burke;Consultant
10111;Raul Garcia;Consultant
10116;Brannon Miller;Consultant
10120;Maliki Moumanil;Consultant
10124;Xana Potts;Consultant
10125;Joanne Handschiegl;Consultant
10128;Elizabeth Meads;Consultant
10129;Anthony Heitzman;Consultant
10146;Lenora Tejeda;Consultant
10155;Keyla Del Bosque;Consultant
10159;Mildred Gentry;Consultant
10167;Alfred Hitchcock;Consultant
10168;Caroline Cierpiszewski;Consultant
10169;Kamrin Sander;Consultant
10170;Alexandra Kirill;Consultant
10178;Kramer Simard;Consultant
10209;Barbara Sutwell;Consultant
10211;Amy Dunne;Consultant
10212;Ann Daniele;Consultant
10219;Lauren Mahoney;Consultant
10227;Maryellen Jackson;Consultant
10228;Amon Goeth;Consultant
10232;Binh Le;Consultant
10233;Adil Sahoo;Consultant
10239;Maggie Rachael;Consultant
10244;Donysha Kampew;Consultant
10254;Dawn Motlagh;Consultant
10256;Roxana Goyal;Consultant
10258;Maruk Fraval;Consultant
10269;Phil Close;Consultant
10273;Lisa Galia;Consultant
10295;Melinda Saar-Beckles;Consultant
10301;Catherine Ybarra;Consultant
10010;Jennifer Zamora;Production
10015;Jason Foss;Production
10019;Vito Corleone;Production
10020;Elias Robinson;Production
10045;Jumil Turpin;Production
10053;Shana Maurice;Production
10063;Richard Newman;Production
10065;Bruno Rossetti;Production
10073;Karen Mancuso;Production
10077;Robyn Manchester;Production
10109;Mike Guilianno;Production
10122;Melisa Gerke;Production
10136;Nicole Fancett;Production
10140;Kylo Ren;Production
10141;Sophia Theamstern;Production
10145;Sandy Mckenna;Production
10150;Max Cady;Production
10153;Leigh Ann Smith;Production
10166;Kathleen Kinsella;Production
10172;Charlie Wang;Production
10174;Hang T Wolk;Production
10191;Samuel MacLennan;Production
10196;Sarah Akinkuolie;Production
10201;Julissa Hunts;Production
10203;Josephine Bugali;Production
10217;Shana Petingill;Production
10222;Ricardo Ruiz;Production
10231;Bartholemew Khemmich;Production
10252;Rachael Baczenski;Production
10257;Barbara Gaul;Production
10259;Randall Pearson;Production
10261;James Cockel;Production
10292;Spencer Cole;Production
10299;Angela Erilus;Production
10300;Juan Gonzalez;Production
10305;Alex Forrest;Production
10309;Boba Fett;Production
10007;Kara Harrison;Software Engineering
10030;Kristen Squatrito;Software Engineering
10038;William LaRotonda;Software Engineering
10062;Sam Athwal;Software Engineering
10067;Beatrice Chace;Software Engineering
10086;Katie Roper;Software Engineering
10095;Constance Sloan;Software Engineering
10097;Christie Harrington;Software Engineering
10104;Kristie Nowlan;Software Engineering
10117;Timothy Sullivan;Software Engineering
10121;Jasmine Onque;Software Engineering
10126;Adell Saada;Software Engineering
10130;Ebonee Peterson;Software Engineering
10131;Sean Quinn;Software Engineering
10133;Linda Dolan;Software Engineering
10143;Daniel Davis;Software Engineering
10151;Tanya Morway;Software Engineering
10177;Donna Brill;Software Engineering
10179;Anita Shepard;Software Engineering
10193;Frank Costello;Software Engineering
10197;Tommy DeVito;Software Engineering
10205;Jackie Valentin;Software Engineering
10210;Lin Chan;Software Engineering
10214;Rosalie Hutter;Software Engineering
10216;Michael Myers;Software Engineering
10223;Patrick Moran;Software Engineering
10226;Lowan M Biden;Software Engineering
10241;Caitrin Strong;Software Engineering
10249;Mohammed Latif;Software Engineering
10266;Rick Stoica;Software Engineering
10270;Cybil Trzeciak;Software Engineering
10280;Miguel Estremera;Software Engineering
10297;Ermine Pelletier;Software Engineering
10306;Alex Delarge;Software Engineering
10308;Nilson Fernandes;Software Engineering
