EmployeeID;Name;Department Name
10036;Yen Johnston;Consultant
10289;Walter Immediato;Distribution & Shipping
10019;Vito Corleone;Production
10144;Vincent Vega;Executive Office
10075;Trina Hendrickson;Compliance & Regulatory
10088;Trina Alagbe;Distribution & Shipping
10250;Alejandro Bacong;Distribution & Shipping
10117;Timothy Sullivan;Software Engineering
10058;Thomas Rhoads;Admin Offices
10012;Hector Barbossa;Sales
10293;Theresa Wallace;Distribution & Shipping
10302;Taylor Sparks;Executive Office
10009;Tayana Jeannite;Distribution & Shipping
10163;Tanya Foreman;Distribution & Shipping
10245;Renee Becker;Admin Offices
10096;Susan Lundy;Consultant
10237;Susan Good;Executive Office
10189;Susan Ferguson;Distribution & Shipping
10292;Spencer Cole;Production
10141;Sophia Theamstern;Production
10060;Sneha Jhaveri;Compliance & Regulatory
10199;Frank Booth;Compliance & Regulatory
10243;Shenice Gold;Compliance & Regulatory
10037;Shari Ngodup;Consultant
10238;Mia Brown;Distribution & Shipping
10217;Shana Petingill;Production
10053;Shana Maurice;Production
10171;Shakira Perry;Admin Offices
10091;Seffi Shields;Executive Office
10150;Max Cady;Production
10046;Sean Bernstein;Consultant
10085;Judith Carabbio;Executive Office
10072;Scott Whittier;Distribution & Shipping
10082;Claudia N Carr;Distribution & Shipping
10040;Michelle Carter;Admin Offices
10277;Scott Becker;Compliance & Regulatory
10108;Brian Champaigne;Compliance & Regulatory
10196;Sarah Akinkuolie;Production
10145;Sandy Mckenna;Production
10200;Anton Chigurh;Compliance & Regulatory
10191;Samuel MacLennan;Production
10062;Sam Athwal;Software Engineering
10220;Rick Clayton;Admin Offices
10157;Sade Smith;Distribution & Shipping
10256;Roxana Goyal;Consultant
10139;Rose Ivey;Executive Office
10214;Rosalie Hutter;Software Engineering
10190;Roger Walker;Compliance & Regulatory
10077;Robyn Manchester;Production
10266;Rick Stoica;Software Engineering
10063;Richard Newman;Production
10193;Frank Costello;Software Engineering
10235;Rex England;Compliance & Regulatory
10083;Noah Cross;Consultant
10099;Lynn Daneault;Distribution & Shipping
10212;Ann Daniele;Consultant
10111;Raul Garcia;Consultant
10311;Randy Dee;Sales
10252;Rachael Baczenski;Production
10152;Quinn Rarrick;Admin Offices
10155;Keyla Del Bosque;Consultant
10306;Alex Delarge;Software Engineering
10218;Phylicia Gosciminski;Executive Office
10269;Phil Close;Consultant
10197;Tommy DeVito;Software Engineering
10224;Peter Robertson;Sales
10304;Jenna Dietrich;Executive Office
10059;Paula Gross;Consultant
10223;Patrick Moran;Software Engineering
10133;Linda Dolan;Software Engineering
10028;Eric Dougall;Executive Office
10006;Elle Driver;Consultant
10061;Norman Bates;Consultant
10071;Nori Sewkumar;Compliance & Regulatory
10260;Nore Sadki;Admin Offices
10148;Nina Panjwani;Sales
10308;Nilson Fernandes;Software Engineering
10136;Nicole Fancett;Production
10298;Ned Miller;Compliance & Regulatory
10066;Nader Barton;Executive Office
10290;Susan Exantus;Executive Office
10187;Morissa Power;Compliance & Regulatory
10249;Mohammed Latif;Software Engineering
10160;Ming Huynh;Admin Offices
10159;Mildred Gentry;Consultant
10309;Boba Fett;Production
10280;Miguel Estremera;Software Engineering
10216;Michael Myers;Software Engineering
10093;Michael J Fitzpatrick;Admin Offices
10305;Alex Forrest;Production
10015;Jason Foss;Production
10080;Amy Foster-Baker;Consultant
10258;Maruk Fraval;Consultant
10273;Lisa Galia;Consultant
10282;Michael Corleone;Compliance & Regulatory
10115;Michael Carey;Sales
10122;Melisa Gerke;Production
10295;Melinda Saar-Beckles;Consultant
10142;Whitney Gill;Compliance & Regulatory
10287;Mei Trang;Admin Offices
10263;Megan Faller;Compliance & Regulatory
10255;Myriam Givens;Distribution & Shipping
10246;Taisha Goble;Sales
10228;Amon Goeth;Consultant
10230;May Roberson;Distribution & Shipping
10137;Mathew Linden;Sales
10227;Maryellen Jackson;Consultant
10101;Maria Gonzalez;Consultant
10286;Martin Smith;Executive Office
10186;Marilyn Linares;Sales
10064;Marianne Eaton;Executive Office
10120;Maliki Moumanil;Consultant
10303;Lynn O'hare;Admin Offices
10025;Luisa Monterro;Admin Offices
10234;Hans Gruber;Executive Office
10109;Mike Guilianno;Production
10226;Lowan M Biden;Software Engineering
10225;Louis Punjabhi;Distribution & Shipping
10035;Lisa Lunquist;Admin Offices
10094;Lisa Cornett;Consultant
10106;Lindsey Langford;Executive Office
10004;Lindsay Lynch;Distribution & Shipping
10167;Alfred Hitchcock;Consultant
10114;Linda Bachiochi;Executive Office
10112;Jayne Horton;Compliance & Regulatory
10272;Debra Houlihan;Distribution & Shipping
10182;Estelle Howard;Compliance & Regulatory
10002;Linda Anderson;Admin Offices
10210;Lin Chan;Software Engineering
10284;Lily DiNocco;Admin Offices
10049;Libby Fidelia;Admin Offices
10146;Lenora Tejeda;Consultant
10206;Lei-Ming Nguyen;Compliance & Regulatory
10032;Lauren Peters;Compliance & Regulatory
10219;Lauren Mahoney;Consultant
10104;Kristie Nowlan;Software Engineering
10030;Kristen Squatrito;Software Engineering
10192;Kramer Keatts;Compliance & Regulatory
10156;Noelle Johnson;Sales
10158;Kissy Sullivan;Admin Offices
10023;Kimberly Beak;Admin Offices
10244;Donysha Kampew;Consultant
10017;Ketsia Liebig;Consultant
10231;Bartholemew Khemmich;Production
10268;Kenneth Thibaud;Admin Offices
10090;Kelley Spirea;Sales
10166;Kathleen Kinsella;Production
10073;Karen Mancuso;Production
10165;Freddy Kreuger;Compliance & Regulatory
10113;Jyoti Lajiri;Executive Office
10007;Kara Harrison;Software Engineering
10169;Kamrin Sander;Consultant
10201;Julissa Hunts;Production
10038;William LaRotonda;Software Engineering
10138;Judy Jung;Sales
10232;Binh Le;Consultant
10300;Juan Gonzalez;Production
10134;Brandon R LeBlanc;Distribution & Shipping
10203;Josephine Bugali;Production
10103;Giovanni Leruth;Compliance & Regulatory
10184;Joseph Buccheri;Executive Office
10033;Jordan Winthrop;Compliance & Regulatory
10176;John Kretschmer;Admin Offices
10008;Leonara Lindsay;Distribution & Shipping
10107;Joelle Burke;Consultant
10027;Joe Smith;Compliance & Regulatory
10125;Joanne Handschiegl;Consultant
10068;Jennifer Medeiros;Compliance & Regulatory
10275;Jennifer Cloninger;Executive Office
10056;Jene'ya Darson;Admin Offices
10123;Jeanette Tippett;Sales
10247;Jean Engdahl;Sales
10132;Jean Crimmings;Sales
10110;Sandra Martin;Executive Office
10135;Jason Woodson;Distribution & Shipping
10262;Janine Purinton;Executive Office
10248;Jane Hudson;Admin Offices
10202;Jac McKinzie;Admin Offices
10070;James DeGweck;Distribution & Shipping
10261;James Cockel;Production
10264;Jacquelyn Williams;Executive Office
10185;Horia Ndzi;Admin Offices
10050;Hong Pham;Executive Office
10288;Peter Monroe;Admin Offices
10003;Helen Billis;Consultant
10092;Hans Landa;Sales
10151;Tanya Morway;Software Engineering
10251;Hannibal Lecter;Sales
10236;Hannah Jacobi;Compliance & Regulatory
10174;Hang T Wolk;Production
10079;Kurt Navathe;Distribution & Shipping
10011;Haley Rivera;Sales
10034;George Johnson;Distribution & Shipping
10276;Geoff Dickinson;Admin Offices
10265;Francesco A Barone;Executive Office
10042;Dheepa Nguyen;Consultant
10018;Evelyn Girifalco;Executive Office
10297;Ermine Pelletier;Software Engineering
10213;Erasumus Monkfish;Compliance & Regulatory
10052;Enrico Langton;Consultant
10121;Jasmine Onque;Software Engineering
10240;Enola Chivukula;Admin Offices
10128;Elizabeth Meads;Consultant
10041;Travis Ozark;Admin Offices
10029;Elijian Clukey;Admin Offices
10005;Lucas Patronick;Consultant
10259;Randall Pearson;Production
10098;Elijiah Gray;Consultant
10020;Elias Robinson;Production
10130;Ebonee Peterson;Software Engineering
10074;Earnest Hankard;Compliance & Regulatory
10154;Donovan E Chang;Compliance & Regulatory
10177;Donna Brill;Software Engineering
10016;Thelma Petrowsky;Distribution & Shipping
10294;Dianna Blount;Sales
10221;Desiree Tavares;Sales
10124;Xana Potts;Consultant
10207;Denisa S Dobrin;Distribution & Shipping
10279;Debbie Mangal;Distribution & Shipping
10254;Dawn Motlagh;Consultant
10131;Sean Quinn;Software Engineering
10239;Maggie Rachael;Consultant
10051;David Gordon;Compliance & Regulatory
10140;Kylo Ren;Production
10143;Daniel Davis;Software Engineering
10087;Dallas Leach;Sales
10270;Cybil Trzeciak;Software Engineering
10274;Courtney E Wallace;Admin Offices
10055;Courtney Beatrice;Sales
10095;Constance Sloan;Software Engineering
10215;Colombui Ndzi;Admin Offices
10162;Lori Roby;Distribution & Shipping
10149;Bianca Roehrich;Compliance & Regulatory
10086;Katie Roper;Software Engineering
10271;Colleen Zima;Compliance & Regulatory
10022;Colleen Volk;Admin Offices
10198;Simon Roup;Compliance & Regulatory
10222;Ricardo Ruiz;Production
10126;Adell Saada;Software Engineering
10281;Clinton Owad;Compliance & Regulatory
10097;Christie Harrington;Software Engineering
10285;Cherly Robinson;Distribution & Shipping
10229;Jason Salter;Admin Offices
10175;Charles Bozzi;Executive Office
10031;Cayo Gonzalez;Executive Office
10179;Anita Shepard;Software Engineering
10301;Catherine Ybarra;Consultant
10178;Kramer Simard;Consultant
10039;Nan Singh;Compliance & Regulatory
10168;Caroline Cierpiszewski;Consultant
10291;John Smith;Admin Offices
10153;Leigh Ann Smith;Production
10100;Carla Demita;Consultant
10119;Julia Soto;Admin Offices
10180;Keyser Soze;Executive Office
10310;Carl Desimone;Distribution & Shipping
10001;Calvin Candie;Sales
10065;Bruno Rossetti;Production
10078;Brooke Oliver;Executive Office
10307;Norman Stansfield;Compliance & Regulatory
10147;Tyrone Steans;Compliance & Regulatory
10116;Brannon Miller;Consultant
10241;Caitrin Strong;Software Engineering
10208;Bradley J Knapp;Compliance & Regulatory
10164;Brad Pitt;Admin Offices
10267;Betsy Bondwell;Distribution & Shipping
10024;Andrew Szabo;Sales
10173;Biff Tannen;Admin Offices
10181;Benjamin Burkett;Sales
10067;Beatrice Chace;Software Engineering
10161;Sharlene Terry;Executive Office
10048;Barry Wilber;Admin Offices
10209;Barbara Sutwell;Consultant
10278;Barbara M Stanford;Executive Office
10013;Jack Torrence;Admin Offices
10257;Barbara Gaul;Production
10044;Neville Tredinnick;Distribution & Shipping
10102;Edward Thomas;Executive Office
10076;B'rigit Carthy;Consultant
10045;Jumil Turpin;Production
10205;Jackie Valentin;Software Engineering
10054;Ashley Rose;Consultant
10296;April Evensen;Executive Office
10253;Noah Villanueva;Compliance & Regulatory
10118;Lord Voldemort;Executive Office
10129;Anthony Heitzman;Consultant
10204;Annie Wilkes;Distribution & Shipping
10183;Anna Von Massenbach;Executive Office
10299;Angela Erilus;Production
10211;Amy Dunne;Consultant
10172;Charlie Wang;Production
10127;Sarah Warfield;Executive Office
10105;Amy Dunn;Executive Office
10057;Allison Lydon;Compliance & Regulatory
10170;Alexandra Kirill;Consultant
10283;Alex Gilles;Compliance & Regulatory
10047;Alain Robinson;Distribution & Shipping
10195;Adrienne J Homberger;Distribution & Shipping
10233;Adil Sahoo;Consultant
10021;Adeel Osturnka;Sales
10010;Jennifer Zamora;Production
10043;Julia Zhou;Executive Office
10014;Abdellah Veera;Sales